"ddg.num","ddg.type","ddg.from","ddg.to"
1,"cf","p1","p2"
2,"cf","p2","p3"
3,"cf","p3","p4"
4,"df.out","p4","d1"
5,"cf","p4","p5"
6,"df.out","p5","d2"
7,"cf","p5","p6"
8,"df.out","p6","d3"
9,"cf","p6","p7"
10,"df.in","d1","p7"
11,"df.in","d2","p7"
12,"df.in","d3","p7"
13,"df.in","d4","p7"
14,"df.in","d5","p7"
15,"df.in","d6","p7"
16,"df.in","d7","p7"
17,"df.in","d8","p7"
18,"df.in","d9","p7"
19,"df.in","d10","p7"
20,"df.in","d11","p7"
21,"df.in","d12","p7"
22,"df.in","d13","p7"
23,"df.in","d14","p7"
24,"df.in","d15","p7"
25,"df.in","d16","p7"
26,"df.in","d17","p7"
27,"df.in","d18","p7"
28,"df.in","d19","p7"
29,"df.in","d20","p7"
30,"df.in","d21","p7"
31,"df.in","d22","p7"
32,"df.in","d23","p7"
33,"df.in","d24","p7"
34,"df.in","d25","p7"
35,"df.in","d26","p7"
36,"df.in","d27","p7"
37,"df.in","d28","p7"
38,"df.in","d29","p7"
39,"df.in","d30","p7"
40,"df.in","d31","p7"
41,"df.in","d32","p7"
42,"df.in","d33","p7"
43,"df.in","d34","p7"
44,"df.in","d35","p7"
45,"df.in","d36","p7"
46,"df.in","d37","p7"
47,"df.in","d38","p7"
48,"df.in","d39","p7"
49,"df.in","d40","p7"
50,"df.in","d41","p7"
51,"df.in","d42","p7"
52,"df.in","d43","p7"
53,"df.in","d44","p7"
54,"df.in","d45","p7"
55,"df.in","d46","p7"
56,"df.in","d47","p7"
57,"df.in","d48","p7"
58,"df.in","d49","p7"
59,"df.in","d50","p7"
60,"df.in","d51","p7"
61,"df.in","d52","p7"
62,"df.in","d53","p7"
63,"df.in","d54","p7"
64,"df.in","d55","p7"
65,"df.in","d56","p7"
66,"df.in","d57","p7"
67,"df.in","d58","p7"
68,"df.in","d59","p7"
69,"df.in","d60","p7"
70,"df.in","d61","p7"
71,"df.in","d62","p7"
72,"df.in","d63","p7"
73,"df.in","d64","p7"
74,"df.in","d65","p7"
75,"df.in","d66","p7"
76,"df.in","d67","p7"
77,"df.in","d68","p7"
78,"df.in","d69","p7"
79,"df.in","d70","p7"
80,"df.in","d71","p7"
81,"df.in","d72","p7"
82,"df.in","d73","p7"
83,"df.in","d74","p7"
84,"df.out","p7","d75"
85,"df.out","p7","d76"
86,"df.out","p7","d77"
87,"df.out","p7","d78"
88,"cf","p7","p8"
89,"df.in","d1","p8"
90,"df.in","d3","p8"
91,"df.in","d74","p8"
92,"df.in","d79","p8"
93,"df.in","d80","p8"
94,"df.in","d81","p8"
95,"df.in","d82","p8"
96,"df.in","d83","p8"
97,"df.in","d84","p8"
98,"df.in","d85","p8"
99,"df.in","d86","p8"
100,"df.in","d87","p8"
101,"df.in","d88","p8"
102,"df.in","d89","p8"
103,"df.in","d90","p8"
104,"df.in","d91","p8"
105,"df.in","d92","p8"
106,"df.in","d93","p8"
107,"df.in","d94","p8"
108,"df.in","d95","p8"
109,"df.in","d96","p8"
110,"df.in","d97","p8"
111,"df.in","d98","p8"
112,"df.in","d99","p8"
113,"df.in","d100","p8"
114,"df.in","d101","p8"
115,"df.in","d102","p8"
116,"df.in","d103","p8"
117,"df.in","d104","p8"
118,"df.in","d78","p8"
119,"df.out","p8","d105"
120,"df.out","p8","d106"
121,"df.out","p8","d107"
122,"df.out","p8","d108"
123,"df.out","p8","d109"
124,"df.out","p8","d110"
125,"df.out","p8","d111"
126,"df.out","p8","d112"
127,"df.out","p8","d113"
128,"df.out","p8","d114"
129,"df.out","p8","d115"
130,"df.out","p8","d116"
131,"df.out","p8","d117"
132,"df.out","p8","d118"
133,"df.out","p8","d119"
134,"df.out","p8","d120"
135,"df.out","p8","d121"
136,"cf","p8","p9"
137,"df.in","d1","p9"
138,"df.in","d3","p9"
139,"df.in","d120","p9"
140,"df.in","d117","p9"
141,"df.in","d111","p9"
142,"df.in","d114","p9"
143,"df.in","d108","p9"
144,"df.in","d104","p9"
145,"df.in","d122","p9"
146,"df.out","p9","d123"
147,"df.out","p9","d124"
148,"df.out","p9","d125"
149,"df.out","p9","d126"
150,"df.out","p9","d127"
151,"cf","p9","p10"
152,"df.in","d1","p10"
153,"df.in","d2","p10"
154,"df.in","d3","p10"
155,"df.in","d125","p10"
156,"df.in","d122","p10"
157,"df.out","p10","d128"
158,"df.out","p10","d129"
159,"df.out","p10","d130"
160,"cf","p10","p11"
