"species_id","key","scientificName","decimalLatitude","decimalLongitude","issues","datasetKey","publishingOrgKey","installationKey","publishingCountry","protocol","lastCrawled","lastParsed","crawlId","hostingOrganizationKey","extensions","basisOfRecord","occurrenceStatus","taxonKey","kingdomKey","phylumKey","classKey","orderKey","familyKey","genusKey","speciesKey","acceptedTaxonKey","acceptedScientificName","kingdom","phylum","order","family","genus","species","genericName","specificEpithet","taxonRank","taxonomicStatus","stateProvince","year","month","day","eventDate","modified","lastInterpreted","license","identifiers","facts","relations","gadm.level0.gid","gadm.level0.name","gadm.level1.gid","gadm.level1.name","gadm.level2.gid","gadm.level2.name","gadm.level3.gid","gadm.level3.name","collectionKey","isInCluster","geodeticDatum","class","countryCode","recordedByIDs","identifiedByIDs","country","rightsHolder","identifier","recordNumber","municipality","locality","datasetName","gbifID","language","collectionCode","occurrenceID","type","catalogNumber","recordedBy","institutionCode","ownerInstitutionCode","identifiedBy","name","elevation","elevationAccuracy","extensions.http...rs.gbif.org.terms.1.0.Multimedia.http...purl.org.dc.terms.rightsHolder","extensions.http...rs.gbif.org.terms.1.0.Multimedia.http...purl.org.dc.terms.identifier","extensions.http...rs.gbif.org.terms.1.0.Multimedia.http...purl.org.dc.terms.type","extensions.http...rs.gbif.org.terms.1.0.Multimedia.http...purl.org.dc.terms.license","extensions.http...rs.gbif.org.terms.1.0.Multimedia.http...purl.org.dc.terms.format","extensions.http...rs.gbif.org.terms.1.0.Multimedia.http...purl.org.dc.terms.references","extensions.http...rs.gbif.org.terms.1.0.Multimedia.http...purl.org.dc.terms.creator","extensions.http...rs.gbif.org.terms.1.0.Multimedia.http...purl.org.dc.terms.title","individualCount","continent","nomenclaturalStatus","nomenclaturalCode","county","taxonID","bibliographicCitation","collectionID","occurrenceRemarks","extensions.http...rs.tdwg.org.dwc.terms.Identification.http...rs.tdwg.org.dwc.terms.specificEpithet","extensions.http...rs.tdwg.org.dwc.terms.Identification.http...rs.tdwg.org.dwc.terms.identifiedBy","extensions.http...rs.tdwg.org.dwc.terms.Identification.http...rs.tdwg.org.dwc.terms.dateIdentified","extensions.http...rs.tdwg.org.dwc.terms.Identification.http...rs.tdwg.org.dwc.terms.family","extensions.http...rs.tdwg.org.dwc.terms.Identification.http...rs.tdwg.org.dwc.terms.genus","extensions.http...rs.tdwg.org.dwc.terms.Identification.http...rs.tdwg.org.dwc.terms.taxonRank","otherCatalogNumbers","fieldNotes","extensions.http...rs.tdwg.org.ac.terms.Multimedia.http...purl.org.dc.terms.identifier","extensions.http...rs.tdwg.org.ac.terms.Multimedia.http...ns.adobe.com.xap.1.0.rights.Owner","extensions.http...rs.tdwg.org.ac.terms.Multimedia.http...purl.org.dc.terms.rights","extensions.http...rs.tdwg.org.ac.terms.Multimedia.http...purl.org.dc.elements.1.1.type","extensions.http...rs.tdwg.org.ac.terms.Multimedia.http...purl.org.dc.elements.1.1.creator","extensions.http...rs.tdwg.org.ac.terms.Multimedia.http...purl.org.dc.terms.format","extensions.http...rs.tdwg.org.ac.terms.Multimedia.http...rs.tdwg.org.ac.terms.accessURI","extensions.http...rs.tdwg.org.ac.terms.Multimedia.http...rs.tdwg.org.ac.terms.metadataLanguage","typeStatus","references","institutionKey","institutionID","verbatimEventDate","endDayOfYear","preparations","startDayOfYear","identificationRemarks","verbatimElevation","dateIdentified","extensions.http...rs.tdwg.org.dwc.terms.Identification.http...rs.tdwg.org.dwc.terms.typeStatus","habitat","extensions.http...rs.tdwg.org.dwc.terms.Identification.http...rs.tdwg.org.dwc.terms.family.1","extensions.http...rs.tdwg.org.dwc.terms.Identification.http...rs.tdwg.org.dwc.terms.genus.1","extensions.http...rs.tdwg.org.dwc.terms.Identification.http...rs.tdwg.org.dwc.terms.taxonRank.1"
"Asplenium truncorum","1090515804","Asplenium truncorum F.B.Matos, Labiak & Sylvestre",-15.391667,-39.565278,"gass84","bc81e05b-ed51-46ba-a0a4-90fbae9b5545","c6aacf9d-a5a7-4d7f-a6fc-ea0a4b8ec450","b38ff2b7-c8af-454e-b5af-ee760f0d5bca","BR","DWC_ARCHIVE","2020-12-25T13:45:24.125+00:00","2020-12-25T13:48:03.689+00:00",237,"8595cd50-87c0-11dc-bb35-b8a03c50a862","none","PRESERVED_SPECIMEN","PRESENT",7616722,6,7707728,7228684,392,6625,2650583,7616722,7616722,"Asplenium truncorum F.B.Matos, Labiak & Sylvestre","Plantae","Tracheophyta","Polypodiales","Aspleniaceae","Asplenium","Asplenium truncorum","Asplenium","truncorum","SPECIES","ACCEPTED","Bahia",2009,8,13,"2009-08-13T00:00:00","2020-07-23T14:58:33.000+00:00","2020-12-25T13:48:03.689+00:00","http://creativecommons.org/licenses/by-nc/4.0/legalcode","none","none","none","BRA","Brazil","BRA.5_1","Bahia","BRA.5.69_1","Camacan","BRA.5.69.1_1","Camacan","2a3c417c-d633-4838-8894-78094cfe5e49",TRUE,"WGS84","Polypodiopsida","BR","none","none","Brazil","CEPEC - Herbário do Centro de Pesquisas do Cacau","BRA:CEPLAC:CEPEC:127936","2751","CAMACAN","RPPN Serra Bonita","CEPEC - Herbário do Centro de Pesquisas do Cacau","1090515804","pt","CEPEC","BRA:CEPLAC:CEPEC:127936","Collection","127936","P.L.R. de Moraes","Comissão Executiva do Plano da Lavoura Cacaueira","Comissão Executiva do Plano da Lavoura Cacaueira","F. Matos","Asplenium truncorum F.B.Matos, Labiak & Sylvestre",NA,NA,NA,NA,NA,NA,NA,NA,NA,NA,NA,NA,NA,NA,NA,NA,NA,NA,NA,NA,NA,NA,NA,NA,NA,NA,NA,NA,NA,NA,NA,NA,NA,NA,NA,NA,NA,NA,NA,NA,NA,NA,NA,NA,NA,NA,NA,NA,NA,NA,NA
"Asplenium truncorum","1090515841","Asplenium truncorum F.B.Matos, Labiak & Sylvestre",-15.391667,-39.565278,"gass84","bc81e05b-ed51-46ba-a0a4-90fbae9b5545","c6aacf9d-a5a7-4d7f-a6fc-ea0a4b8ec450","b38ff2b7-c8af-454e-b5af-ee760f0d5bca","BR","DWC_ARCHIVE","2020-12-25T13:45:24.125+00:00","2020-12-25T13:48:03.699+00:00",237,"8595cd50-87c0-11dc-bb35-b8a03c50a862","none","PRESERVED_SPECIMEN","PRESENT",7616722,6,7707728,7228684,392,6625,2650583,7616722,7616722,"Asplenium truncorum F.B.Matos, Labiak & Sylvestre","Plantae","Tracheophyta","Polypodiales","Aspleniaceae","Asplenium","Asplenium truncorum","Asplenium","truncorum","SPECIES","ACCEPTED","Bahia",2009,8,13,"2009-08-13T00:00:00","2020-07-23T14:58:33.000+00:00","2020-12-25T13:48:03.699+00:00","http://creativecommons.org/licenses/by-nc/4.0/legalcode","none","none","none","BRA","Brazil","BRA.5_1","Bahia","BRA.5.69_1","Camacan","BRA.5.69.1_1","Camacan","2a3c417c-d633-4838-8894-78094cfe5e49",TRUE,"WGS84","Polypodiopsida","BR","none","none","Brazil","CEPEC - Herbário do Centro de Pesquisas do Cacau","BRA:CEPLAC:CEPEC:127953","2768","CAMACAN","RPPN Serra Bonita","CEPEC - Herbário do Centro de Pesquisas do Cacau","1090515841","pt","CEPEC","BRA:CEPLAC:CEPEC:127953","Collection","127953","P.L.R. de Moraes","Comissão Executiva do Plano da Lavoura Cacaueira","Comissão Executiva do Plano da Lavoura Cacaueira","F. Matos","Asplenium truncorum F.B.Matos, Labiak & Sylvestre",NA,NA,NA,NA,NA,NA,NA,NA,NA,NA,NA,NA,NA,NA,NA,NA,NA,NA,NA,NA,NA,NA,NA,NA,NA,NA,NA,NA,NA,NA,NA,NA,NA,NA,NA,NA,NA,NA,NA,NA,NA,NA,NA,NA,NA,NA,NA,NA,NA,NA,NA
"Asplenium truncorum","1094880402","Asplenium truncorum F.B.Matos, Labiak & Sylvestre",-15.391667,-39.565278,"gass84","2e684fd6-09e2-4661-910a-0a188b610c04","60545be9-4f28-4245-b4b4-07635c8dfa54","b38ff2b7-c8af-454e-b5af-ee760f0d5bca","BR","DWC_ARCHIVE","2021-01-08T12:28:19.156+00:00","2021-01-08T12:32:14.401+00:00",238,"8595cd50-87c0-11dc-bb35-b8a03c50a862","none","PRESERVED_SPECIMEN","PRESENT",7616722,6,7707728,7228684,392,6625,2650583,7616722,7616722,"Asplenium truncorum F.B.Matos, Labiak & Sylvestre","Plantae","Tracheophyta","Polypodiales","Aspleniaceae","Asplenium","Asplenium truncorum","Asplenium","truncorum","SPECIES","ACCEPTED","Bahia",2009,8,16,"2009-08-16T00:00:00","2019-10-07T12:38:40.000+00:00","2021-01-08T12:32:14.401+00:00","http://creativecommons.org/licenses/by-nc/4.0/legalcode","none","none","none","BRA","Brazil","BRA.5_1","Bahia","BRA.5.69_1","Camacan","BRA.5.69.1_1","Camacan",NA,FALSE,"WGS84","Polypodiopsida","BR","none","none","Brazil","HUEFS - Herbario da Universidade Estadual de Feira de Santana","BRA:UEFS:HUEFS:163319","2768","Camacan","RPPN Serra Bonita.","HUEFS - Herbario da Universidade Estadual de Feira de Santana","1094880402","pt","HUEFS","BRA:UEFS:HUEFS:163319","Collection","163319","Moraes, P.L.R.de","UEFS","Universidade Estadual de Feira de Santana",NA,"Asplenium truncorum F.B.Matos, Labiak & Sylvestre",1000,0,NA,NA,NA,NA,NA,NA,NA,NA,NA,NA,NA,NA,NA,NA,NA,NA,NA,NA,NA,NA,NA,NA,NA,NA,NA,NA,NA,NA,NA,NA,NA,NA,NA,NA,NA,NA,NA,NA,NA,NA,NA,NA,NA,NA,NA,NA,NA,NA,NA
"Asplenium truncorum","1257656140","Asplenium truncorum F.B.Matos, Labiak & Sylvestre",-15.391667,-39.565278,"cdround,gass84,osiic","7bd65a7a-f762-11e1-a439-00145eb45e9a","90fd6680-349f-11d8-aa2d-b8a03c50a862","c4e134d3-c68f-406d-a116-6a37895602e0","US","DWC_ARCHIVE","2021-01-12T04:45:11.283+00:00","2021-01-12T05:18:09.367+00:00",153,"90fd6680-349f-11d8-aa2d-b8a03c50a862",NA,"PRESERVED_SPECIMEN","PRESENT",7616722,6,7707728,7228684,392,6625,2650583,7616722,7616722,"Asplenium truncorum F.B.Matos, Labiak & Sylvestre","Plantae","Tracheophyta","Polypodiales","Aspleniaceae","Asplenium","Asplenium truncorum","Asplenium","truncorum","SPECIES","ACCEPTED","Bahia",2009,8,13,"2009-08-13T00:00:00",NA,"2021-01-12T05:18:09.367+00:00","http://creativecommons.org/licenses/by/4.0/legalcode","none","none","none","BRA","Brazil","BRA.5_1","Bahia","BRA.5.69_1","Camacan","BRA.5.69.1_1","Camacan",NA,TRUE,"WGS84","Polypodiopsida","BR","none","none","Brazil","Missouri Botanical Garden","urn:catalog:MO:Tropicos:100306442","Moraes 2751",NA,"RPPN Serra Bonita.","Tropicos","1257656140",NA,"MO","urn:catalog:MO:Tropicos:100306442","PhysicalObject","100306442","Pedro L. R. de Moraes|H. van der Werff|Lukas H. Daneu|R. Perdiz","MO","MOBOT","F. Matos","Asplenium truncorum F.B.Matos, Labiak & Sylvestre",1000,NA,"MBG","http://www.tropicos.org/ImageDownload.aspx?imageid=100759137","StillImage","http://creativecommons.org/licenses/by-nc-sa/3.0/","image/jpeg","http://www.tropicos.org/ImageFullView.aspx?imageid=100759137","MBG","Moraes - 2751 - Brazil",1,"SOUTH_AMERICA","No opinion","ICNafp","Camacan","100364297","http://www.tropicos.org/Specimen/100306442","http://biocol.org/urn:lsid:biocol.org:col:15859",NA,NA,NA,NA,NA,NA,NA,NA,NA,NA,NA,NA,NA,NA,NA,NA,NA,NA,NA,NA,NA,NA,NA,NA,NA,NA,NA,NA,NA,NA,NA,NA,NA
"Asplenium truncorum","1257656158","Asplenium truncorum F.B.Matos, Labiak & Sylvestre",-15.391667,-39.565278,"cdround,gass84,osiic","7bd65a7a-f762-11e1-a439-00145eb45e9a","90fd6680-349f-11d8-aa2d-b8a03c50a862","c4e134d3-c68f-406d-a116-6a37895602e0","US","DWC_ARCHIVE","2021-01-12T04:45:11.283+00:00","2021-01-12T05:17:01.467+00:00",153,"90fd6680-349f-11d8-aa2d-b8a03c50a862",NA,"PRESERVED_SPECIMEN","PRESENT",7616722,6,7707728,7228684,392,6625,2650583,7616722,7616722,"Asplenium truncorum F.B.Matos, Labiak & Sylvestre","Plantae","Tracheophyta","Polypodiales","Aspleniaceae","Asplenium","Asplenium truncorum","Asplenium","truncorum","SPECIES","ACCEPTED","Bahia",2009,8,13,"2009-08-13T00:00:00",NA,"2021-01-12T05:17:01.467+00:00","http://creativecommons.org/licenses/by/4.0/legalcode","none","none","none","BRA","Brazil","BRA.5_1","Bahia","BRA.5.69_1","Camacan","BRA.5.69.1_1","Camacan",NA,TRUE,"WGS84","Polypodiopsida","BR","none","none","Brazil","Missouri Botanical Garden","urn:catalog:MO:Tropicos:100306464","Moraes 2768",NA,"RPPN Serra Bonita.","Tropicos","1257656158",NA,"MO","urn:catalog:MO:Tropicos:100306464","PhysicalObject","100306464","Pedro L. R. de Moraes|H. van der Werff|Lukas H. Daneu|R. Perdiz","MO","MOBOT","F. Matos","Asplenium truncorum F.B.Matos, Labiak & Sylvestre",1000,NA,"MBG","http://www.tropicos.org/ImageDownload.aspx?imageid=100759150","StillImage","http://creativecommons.org/licenses/by-nc-sa/3.0/","image/jpeg","http://www.tropicos.org/ImageFullView.aspx?imageid=100759150","MBG","Moraes - 2768 - Brazil",1,"SOUTH_AMERICA","No opinion","ICNafp","Camacan","100364297","http://www.tropicos.org/Specimen/100306464","http://biocol.org/urn:lsid:biocol.org:col:15859",NA,NA,NA,NA,NA,NA,NA,NA,NA,NA,NA,NA,NA,NA,NA,NA,NA,NA,NA,NA,NA,NA,NA,NA,NA,NA,NA,NA,NA,NA,NA,NA,NA
"Asplenium truncorum","1090514717","Asplenium truncorum F.B.Matos, Labiak & Sylvestre",-15.391667,-39.565278,"gass84","bc81e05b-ed51-46ba-a0a4-90fbae9b5545","c6aacf9d-a5a7-4d7f-a6fc-ea0a4b8ec450","b38ff2b7-c8af-454e-b5af-ee760f0d5bca","BR","DWC_ARCHIVE","2020-12-25T13:45:24.125+00:00","2020-12-25T13:48:03.708+00:00",237,"8595cd50-87c0-11dc-bb35-b8a03c50a862","none","PRESERVED_SPECIMEN","PRESENT",7616722,6,7707728,7228684,392,6625,2650583,7616722,7616722,"Asplenium truncorum F.B.Matos, Labiak & Sylvestre","Plantae","Tracheophyta","Polypodiales","Aspleniaceae","Asplenium","Asplenium truncorum","Asplenium","truncorum","SPECIES","ACCEPTED","Bahia",2009,10,22,"2009-10-22T00:00:00","2020-07-23T14:58:33.000+00:00","2020-12-25T13:48:03.708+00:00","http://creativecommons.org/licenses/by-nc/4.0/legalcode","none","none","none","BRA","Brazil","BRA.5_1","Bahia","BRA.5.69_1","Camacan","BRA.5.69.1_1","Camacan","2a3c417c-d633-4838-8894-78094cfe5e49",TRUE,"WGS84","Polypodiopsida","BR","none","none","Brazil","CEPEC - Herbário do Centro de Pesquisas do Cacau","BRA:CEPLAC:CEPEC:126813","1166","CAMACAN","RPPN Serra Bonita. Fazenda Uiraçu. Trilha da Bapeba. Interior da mata.","CEPEC - Herbário do Centro de Pesquisas do Cacau","1090514717","pt","CEPEC","BRA:CEPLAC:CEPEC:126813","Collection","126813","Mynssen, C. M.","Comissão Executiva do Plano da Lavoura Cacaueira","Comissão Executiva do Plano da Lavoura Cacaueira","F. B. Matos","Asplenium truncorum F.B.Matos, Labiak & Sylvestre",890,0,NA,NA,NA,NA,NA,NA,NA,NA,NA,NA,NA,NA,NA,NA,NA,NA,"Duplicatas: RB.",NA,NA,NA,NA,NA,NA,NA,NA,NA,NA,NA,NA,NA,NA,NA,NA,NA,NA,NA,NA,NA,NA,NA,NA,NA,NA,NA,NA,NA,NA,NA,NA
"Asplenium truncorum","1424361810","Asplenium truncorum F.B.Matos, Labiak & Sylvestre",-15.391667,-39.565278,"cdround,gass84","4300f8d5-1ae5-49e5-a101-63894b005868","838537fc-4aeb-4980-8b58-97fbdcd1d91a","da7fe11a-b42c-46cb-9e9d-02243edb738a","BR","DWC_ARCHIVE","2021-01-09T22:42:48.161+00:00","2021-01-09T23:23:20.871+00:00",330,"838537fc-4aeb-4980-8b58-97fbdcd1d91a",NA,"PRESERVED_SPECIMEN","PRESENT",7616722,6,7707728,7228684,392,6625,2650583,7616722,7616722,"Asplenium truncorum F.B.Matos, Labiak & Sylvestre","Plantae","Tracheophyta","Polypodiales","Aspleniaceae","Asplenium","Asplenium truncorum","Asplenium","truncorum","SPECIES","ACCEPTED","Bahia",2009,10,22,"2009-10-22T00:00:00",NA,"2021-01-09T23:23:20.871+00:00","http://creativecommons.org/licenses/by/4.0/legalcode","none","none","none","BRA","Brazil","BRA.5_1","Bahia","BRA.5.69_1","Camacan","BRA.5.69.1_1","Camacan",NA,TRUE,"WGS84","Polypodiopsida","BR","none","none","Brazil","Rio de Janeiro Botanical Garden","urn:catalog:JBRJ:RB:651331","1166","Camacan","Serra Bonita. Fazenda Uiraçu. Trilha da Bapeba.","RB - Rio de Janeiro Botanical Garden Herbarium Collection","1424361810",NA,"RB","urn:catalog:JBRJ:RB:651331","Physical Object","RB00651331","Mynssen, C.M.; Matos, F.B.","JBRJ",NA,"F.B. Matos","Asplenium truncorum F.B.Matos, Labiak & Sylvestre",890,NA,"Rio de Janeiro Botanical Garden","imagens3.jbrj.gov.br/fsi/server?type=image&source=rb/0/65/13/31/00651331.jpg","Image","https://creativecommons.org/licenses/by/4.0/legalcode#languages","jpg","http://www.herbariovirtualreflora.jbrj.gov.br/reflora/geral/ExibeFiguraFSIUC/ExibeFiguraFSIUC.do?idFigura=284618808",NA,NA,NA,NA,NA,NA,NA,NA,NA,NA,"Epífita sobre Cyathea, semi-ciófila","truncorum","F.B. Matos","2009-10","Aspleniaceae","Asplenium","sp.","RB 513396","Interior da mata, ás margens da trilha",NA,NA,NA,NA,NA,NA,NA,NA,NA,NA,NA,NA,NA,NA,NA,NA,NA,NA,NA,NA,NA,NA,NA,NA
"Asplenium truncorum","1928452550","Asplenium truncorum F.B.Matos, Labiak & Sylvestre",-15.3903,-39.5681,"gass84","d415c253-4d61-4459-9d25-4015b9084fb0","ae447c50-b8a8-11d8-92a4-b8a03c50a862","17017c2c-036b-45d9-b045-606d21b00771","US","DWC_ARCHIVE","2020-12-29T19:52:03.618+00:00","2020-12-29T20:25:59.308+00:00",208,"ae447c50-b8a8-11d8-92a4-b8a03c50a862",NA,"PRESERVED_SPECIMEN","PRESENT",7616722,6,7707728,7228684,392,6625,2650583,7616722,7616722,"Asplenium truncorum F.B.Matos, Labiak & Sylvestre","Plantae","Tracheophyta","Polypodiales","Aspleniaceae","Asplenium","Asplenium truncorum","Asplenium","truncorum","SPECIES","ACCEPTED","Bahia",2008,6,29,"2008-06-29T00:00:00",NA,"2020-12-29T20:25:59.308+00:00","http://creativecommons.org/publicdomain/zero/1.0/legalcode","none","none","none","BRA","Brazil","BRA.5_1","Bahia","BRA.5.69_1","Camacan","BRA.5.69.1_1","Camacan","b2190553-4505-4fdd-8fff-065c8ca26f72",TRUE,"WGS84","Polypodiopsida","BR","none","none","Brazil","The New York Botanical Garden","30567cca-078a-480d-ae64-dd9dae3e0e6a","1537",NA,"Fazenda Serra Bonita, Reserva Serra Bonita, 9,7 km W de Camacan, na estrada para Jacarecím daí 6 km SW na estrada para RPPN Serra Bonita e Torre da Embratel. Trilha do mirante","Vascular plants","1928452550","en","NY","30567cca-078a-480d-ae64-dd9dae3e0e6a","PhysicalObject","1186062","F. B. Matos","NY",NA,NA,"Asplenium truncorum F.B.Matos, Labiak & Sylvestre",920,0,NA,NA,NA,NA,NA,NA,NA,NA,NA,"SOUTH_AMERICA",NA,"ICN","Camacan",NA,NA,"http://biocol.org/urn:lsid:biocol.org:col:15556",NA,NA,NA,NA,NA,NA,NA,NA,NA,"7cfc73e2-022c-4854-b5f0-49a3dd39e76f","The New York Botanical Garden","https://creativecommons.org/licenses/by/4.0/","StillImage","The New York Botanical Garden","image/jpeg","http://sweetgum.nybg.org/images3/587/442/01186062.jpg","eng","ISOTYPE","http://sweetgum.nybg.org/science/vh/specimen_details.php?irn=1447777","ab83e5ab-f4f7-4c9b-a1d5-eb779dfb9377","http://biocol.org/urn:lsid:biocol.org:col:15556","29 Jun 2008","18","sheet","18","Basionym","3018 ft",NA,NA,NA,NA,NA,NA
"Asplenium truncorum","1086674960","Asplenium truncorum F.B.Matos, Labiak & Sylvestre",-15.390278,-39.568056,"gass84","a51fa32f-831d-49d6-8b8a-c7b52ae65b3b","f6e2efc9-42a3-47ea-99c6-3eda8d653cc9","b38ff2b7-c8af-454e-b5af-ee760f0d5bca","BR","DWC_ARCHIVE","2021-01-08T12:10:33.251+00:00","2021-01-08T12:11:37.777+00:00",239,"8595cd50-87c0-11dc-bb35-b8a03c50a862","none","PRESERVED_SPECIMEN","PRESENT",7616722,6,7707728,7228684,392,6625,2650583,7616722,7616722,"Asplenium truncorum F.B.Matos, Labiak & Sylvestre","Plantae","Tracheophyta","Polypodiales","Aspleniaceae","Asplenium","Asplenium truncorum","Asplenium","truncorum","SPECIES","ACCEPTED","Bahia",2008,7,29,"2008-07-29T00:00:00","2020-09-29T17:53:10.000+00:00","2021-01-08T12:11:37.777+00:00","http://creativecommons.org/licenses/by-nc/4.0/legalcode","none","none","none","BRA","Brazil","BRA.5_1","Bahia","BRA.5.69_1","Camacan","BRA.5.69.1_1","Camacan","984ad7e0-f17d-4980-9d12-2c3c9509162e",TRUE,"WGS84","Polypodiopsida","BR","none","none","Brazil","UPCB - Herbário do Departamento de Botânica","BRA:UFPR:UPCB:70099","1537","Camacan","Fazenda Serra Bonita, Reserva Serra Bonita, 9,7 km W de Camacan, na estrada para Jacarecí, daí 6 km SW na estrada para RPPN Serra Bonita e Torre da Embratel. Trilha do mirante.","UPCB - Herbário do Departamento de Botânica","1086674960","pt","UPCB","BRA:UFPR:UPCB:70099","Collection","70099","Matos, F.B.","UFPR","Universidade Federal do Paraná","Matos, F.B.","Asplenium truncorum F.B.Matos, Labiak & Sylvestre",920,0,NA,NA,NA,NA,NA,NA,NA,NA,NA,NA,NA,NA,NA,NA,NA,NA,"Epífita sobre Cyatheaceae (Alsophila setosa) no interior da mata, próximo ao topo do morro. Frondes arqueadas a pendentes. Material em sílica. Floresta Ombrófila Densa.",NA,NA,NA,NA,NA,NA,NA,NA,NA,NA,NA,NA,NA,NA,NA,NA,"HOLOTYPE",NA,NA,NA,NA,NA,NA,NA,NA,NA,"2009-01-01T00:00:00",NA,NA,NA,NA,NA
"Asplenium truncorum","1090513387","Asplenium truncorum F.B.Matos, Labiak & Sylvestre",-15.390278,-39.568056,"gass84","bc81e05b-ed51-46ba-a0a4-90fbae9b5545","c6aacf9d-a5a7-4d7f-a6fc-ea0a4b8ec450","b38ff2b7-c8af-454e-b5af-ee760f0d5bca","BR","DWC_ARCHIVE","2020-12-25T13:45:24.125+00:00","2020-12-25T13:48:03.657+00:00",237,"8595cd50-87c0-11dc-bb35-b8a03c50a862","none","PRESERVED_SPECIMEN","PRESENT",7616722,6,7707728,7228684,392,6625,2650583,7616722,7616722,"Asplenium truncorum F.B.Matos, Labiak & Sylvestre","Plantae","Tracheophyta","Polypodiales","Aspleniaceae","Asplenium","Asplenium truncorum","Asplenium","truncorum","SPECIES","ACCEPTED","Bahia",2008,7,29,"2008-07-29T00:00:00","2020-07-23T14:58:33.000+00:00","2020-12-25T13:48:03.657+00:00","http://creativecommons.org/licenses/by-nc/4.0/legalcode","none","none","none","BRA","Brazil","BRA.5_1","Bahia","BRA.5.69_1","Camacan","BRA.5.69.1_1","Camacan","2a3c417c-d633-4838-8894-78094cfe5e49",TRUE,"WGS84","Polypodiopsida","BR","none","none","Brazil","CEPEC - Herbário do Centro de Pesquisas do Cacau","BRA:CEPLAC:CEPEC:124317","1537","CAMACAN","Fazenda Serra Bonita. Reserva Serra Bonita, 9,7Km W de Camacan, na estrada para Jacarecí, daí 6Km SW na estrada p RPPN Serra Bonita e Torre da Embratel. Trilha do mirante. Próximo ao topo do morro.","CEPEC - Herbário do Centro de Pesquisas do Cacau","1090513387","pt","CEPEC","BRA:CEPLAC:CEPEC:124317","Collection","124317","F. B. Matos","Comissão Executiva do Plano da Lavoura Cacaueira","Comissão Executiva do Plano da Lavoura Cacaueira","F. B. Matos","Asplenium truncorum F.B.Matos, Labiak & Sylvestre",NA,NA,NA,NA,NA,NA,NA,NA,NA,NA,NA,NA,NA,NA,NA,NA,NA,NA,NA,NA,NA,NA,NA,NA,NA,"30/12/2009",NA,NA,NA,NA,NA,NA,NA,NA,NA,"ISOTYPE",NA,NA,NA,NA,NA,NA,NA,NA,NA,NA,NA,NA,NA,NA,NA
"Asplenium truncorum","1424369180","Asplenium truncorum F.B.Matos, Labiak & Sylvestre",-15.390278,-39.568056,"cdround,gass84","4300f8d5-1ae5-49e5-a101-63894b005868","838537fc-4aeb-4980-8b58-97fbdcd1d91a","da7fe11a-b42c-46cb-9e9d-02243edb738a","BR","DWC_ARCHIVE","2021-01-09T22:42:48.161+00:00","2021-01-09T23:23:05.679+00:00",330,"838537fc-4aeb-4980-8b58-97fbdcd1d91a",NA,"PRESERVED_SPECIMEN","PRESENT",7616722,6,7707728,7228684,392,6625,2650583,7616722,7616722,"Asplenium truncorum F.B.Matos, Labiak & Sylvestre","Plantae","Tracheophyta","Polypodiales","Aspleniaceae","Asplenium","Asplenium truncorum","Asplenium","truncorum","SPECIES","ACCEPTED","Bahia",2008,7,29,"2008-07-29T00:00:00",NA,"2021-01-09T23:23:05.679+00:00","http://creativecommons.org/licenses/by/4.0/legalcode","none","none","none","BRA","Brazil","BRA.5_1","Bahia","BRA.5.69_1","Camacan","BRA.5.69.1_1","Camacan",NA,TRUE,"WGS84","Polypodiopsida","BR","none","none","Brazil","Rio de Janeiro Botanical Garden","urn:catalog:JBRJ:RB:658269","1537","Camacan","Fazenda Serra Bonita Reserva Serra Bonita, 9,7km W de Camacan, na estrada para Jacarecí, daí 6km SW na estradapara RPPN Serra Bonita e Torre da Embratel, trilha do mirante.","RB - Rio de Janeiro Botanical Garden Herbarium Collection","1424369180",NA,"RB","urn:catalog:JBRJ:RB:658269","Physical Object","RB00658269","F.B. Matos","JBRJ",NA,NA,"Asplenium truncorum F.B.Matos, Labiak & Sylvestre",920,NA,"Rio de Janeiro Botanical Garden","imagens3.jbrj.gov.br/fsi/server?type=image&source=rb/0/65/82/69/00658269.jpg","Image","https://creativecommons.org/licenses/by/4.0/legalcode#languages","jpg","http://www.herbariovirtualreflora.jbrj.gov.br/reflora/geral/ExibeFiguraFSIUC/ExibeFiguraFSIUC.do?idFigura=284635466",NA,NA,NA,NA,NA,NA,NA,NA,NA,NA,"Epífita sobre Cyatheaceae (Alsophila setosa) no interior da mata, próximo ao topo do morro. Frondes arqueadas a pendentes.","truncorum",NA,NA,"Aspleniaceae","Asplenium","sp.","RB 516924","Floresta Ombrófila",NA,NA,NA,NA,NA,NA,NA,NA,"ISOTYPE",NA,NA,NA,NA,NA,NA,NA,NA,NA,NA,"Isotipo",NA,NA,NA,NA
"Asplenium truncorum","2452940361","Asplenium truncorum F.B.Matos, Labiak & Sylvestre",-15.390278,-39.568056,"gass84","17efa320-7312-4b55-bf0a-a4cfc4613169","2437c128-bf8c-4f53-b668-da95fb2e40b7","b38ff2b7-c8af-454e-b5af-ee760f0d5bca","BR","DWC_ARCHIVE","2021-01-12T14:12:49.707+00:00","2021-01-12T14:16:21.609+00:00",238,"8595cd50-87c0-11dc-bb35-b8a03c50a862","none","PRESERVED_SPECIMEN","PRESENT",7616722,6,7707728,7228684,392,6625,2650583,7616722,7616722,"Asplenium truncorum F.B.Matos, Labiak & Sylvestre","Plantae","Tracheophyta","Polypodiales","Aspleniaceae","Asplenium","Asplenium truncorum","Asplenium","truncorum","SPECIES","ACCEPTED","Bahia",2008,7,29,"2008-07-29T00:00:00","2020-11-12T18:23:30.000+00:00","2021-01-12T14:16:21.609+00:00","http://creativecommons.org/licenses/by-nc/4.0/legalcode","none","none","none","BRA","Brazil","BRA.5_1","Bahia","BRA.5.69_1","Camacan","BRA.5.69.1_1","Camacan","ef48401a-d9e5-467c-b40a-0146618d38de",TRUE,"WGS84","Polypodiopsida","BR","none","none","Brazil","SP - Herbário do Estado ""Maria Eneyda P. Kaufmann Fidalgo"" - Coleção de Fanerógamas","BRA:IBT:SP:473342","1537","Camacan","Fazenda Serra Bonita. Reserva Serra Bonita, 9,7 km W de Camacâ na estrada para Jacarecí, daí 6 km SW na estrada para RPPN Serra Bonita e Torre da Embratel. Trilha do Mirante","SP - Herbário do Estado ""Maria Eneyda P. Kaufmann Fidalgo"" - Coleção de Fanerógamas","2452940361","pt","SP","BRA:IBT:SP:473342","Collection","473342","Matos, FB","Instituto de Botânica","Instituto de Botânica","Prado, J","Asplenium truncorum F.B.Matos, Labiak & Sylvestre",920,0,NA,NA,NA,NA,NA,NA,NA,NA,NA,NA,NA,NA,NA,NA,NA,NA,NA,NA,NA,NA,NA,NA,NA,NA,NA,NA,NA,NA,NA,NA,NA,NA,NA,"ISOTYPE",NA,"95c82c2d-a9e0-4aa5-8a40-6c589bfd6822",NA,NA,NA,NA,NA,NA,NA,"2017-01-01T00:00:00",NA,NA,NA,NA,NA
"Asplenium truncorum","1086674976","Asplenium truncorum F.B.Matos, Labiak & Sylvestre",-14.705833,-39.603333,"gass84","a51fa32f-831d-49d6-8b8a-c7b52ae65b3b","f6e2efc9-42a3-47ea-99c6-3eda8d653cc9","b38ff2b7-c8af-454e-b5af-ee760f0d5bca","BR","DWC_ARCHIVE","2021-01-08T12:10:33.251+00:00","2021-01-08T12:11:37.776+00:00",239,"8595cd50-87c0-11dc-bb35-b8a03c50a862","none","PRESERVED_SPECIMEN","PRESENT",7616722,6,7707728,7228684,392,6625,2650583,7616722,7616722,"Asplenium truncorum F.B.Matos, Labiak & Sylvestre","Plantae","Tracheophyta","Polypodiales","Aspleniaceae","Asplenium","Asplenium truncorum","Asplenium","truncorum","SPECIES","ACCEPTED","Bahia",2007,4,19,"2007-04-19T00:00:00","2020-09-29T17:53:10.000+00:00","2021-01-08T12:11:37.776+00:00","http://creativecommons.org/licenses/by-nc/4.0/legalcode","none","none","none","BRA","Brazil","BRA.5_1","Bahia","BRA.5.9_1","Almadina","BRA.5.9.1_1","Almadina","984ad7e0-f17d-4980-9d12-2c3c9509162e",TRUE,"WGS84","Polypodiopsida","BR","none","none","Brazil","UPCB - Herbário do Departamento de Botânica","BRA:UFPR:UPCB:70095","1408","Almadina","Serra Corcovado, 9,8 km ao SW de Coarací na estrada para Almadina, daí N até a Fazenda São José. Proprietário Senhor Francisco.","UPCB - Herbário do Departamento de Botânica","1086674976","pt","UPCB","BRA:UFPR:UPCB:70095","Collection","70095","Matos, F.B.","UFPR","Universidade Federal do Paraná","Matos, F.B.","Asplenium truncorum F.B.Matos, Labiak & Sylvestre",730,0,NA,NA,NA,NA,NA,NA,NA,NA,NA,NA,NA,NA,NA,NA,NA,NA,"Epífita em tronco de Cyatheaceae, no interior da mata. Floresta Sub-montana/Montana com algumas áreas perturbadas..",NA,NA,NA,NA,NA,NA,NA,NA,NA,NA,NA,NA,NA,NA,NA,NA,"PARATYPE",NA,NA,NA,NA,NA,NA,NA,NA,NA,"2009-01-01T00:00:00",NA,NA,NA,NA,NA
"Asplenium truncorum","1929604661","Asplenium truncorum F.B.Matos, Labiak & Sylvestre",-14.7058,-39.6033,"gass84","d415c253-4d61-4459-9d25-4015b9084fb0","ae447c50-b8a8-11d8-92a4-b8a03c50a862","17017c2c-036b-45d9-b045-606d21b00771","US","DWC_ARCHIVE","2020-12-29T19:52:03.618+00:00","2020-12-29T20:27:01.143+00:00",208,"ae447c50-b8a8-11d8-92a4-b8a03c50a862",NA,"PRESERVED_SPECIMEN","PRESENT",7616722,6,7707728,7228684,392,6625,2650583,7616722,7616722,"Asplenium truncorum F.B.Matos, Labiak & Sylvestre","Plantae","Tracheophyta","Polypodiales","Aspleniaceae","Asplenium","Asplenium truncorum","Asplenium","truncorum","SPECIES","ACCEPTED","Bahia",2007,4,19,"2007-04-19T00:00:00",NA,"2020-12-29T20:27:01.143+00:00","http://creativecommons.org/publicdomain/zero/1.0/legalcode","none","none","none","BRA","Brazil","BRA.5_1","Bahia","BRA.5.9_1","Almadina","BRA.5.9.1_1","Almadina","b2190553-4505-4fdd-8fff-065c8ca26f72",TRUE,"WGS84","Polypodiopsida","BR","none","none","Brazil","The New York Botanical Garden","81f9759e-bce0-4530-b9ab-1ac42a43067c","1408",NA,"Serra do Corcovado. 9.8 km ao SW de Coarací na estrada para Almadina, daí N até a Fazenda São José. Proprietário Senhor Francisco.","Vascular plants","1929604661","en","NY","81f9759e-bce0-4530-b9ab-1ac42a43067c","PhysicalObject","1686474","F. B. Matos","NY",NA,"P. H. Labiak E.","Asplenium truncorum F.B.Matos, Labiak & Sylvestre",730,0,NA,NA,NA,NA,NA,NA,NA,NA,NA,"SOUTH_AMERICA",NA,"ICN","Almadina",NA,NA,"http://biocol.org/urn:lsid:biocol.org:col:15556",NA,NA,NA,NA,NA,NA,NA,NA,NA,"232fd1d7-d434-48b7-907f-a1e0a830d4f3","The New York Botanical Garden","https://creativecommons.org/licenses/by/4.0/","StillImage","The New York Botanical Garden","image/jpeg","http://sweetgum.nybg.org/images3/1830/600/1686474.jpg","eng",NA,"http://sweetgum.nybg.org/science/vh/specimen_details.php?irn=1443052","ab83e5ab-f4f7-4c9b-a1d5-eb779dfb9377","http://biocol.org/urn:lsid:biocol.org:col:15556","19 Apr 2007","10","sheet","10",NA,"2395 ft","2009-01-01T00:00:00",NA,"Floresta Sub-Montana/Montana com algunas áreas perturbadas.",NA,NA,NA
"Asplenium truncorum","1086674958","Asplenium truncorum F.B.Matos, Labiak & Sylvestre",-15.391667,-39.565278,"gass84","a51fa32f-831d-49d6-8b8a-c7b52ae65b3b","f6e2efc9-42a3-47ea-99c6-3eda8d653cc9","b38ff2b7-c8af-454e-b5af-ee760f0d5bca","BR","DWC_ARCHIVE","2021-01-08T12:10:33.251+00:00","2021-01-08T12:11:37.776+00:00",239,"8595cd50-87c0-11dc-bb35-b8a03c50a862","none","PRESERVED_SPECIMEN","PRESENT",7616722,6,7707728,7228684,392,6625,2650583,7616722,7616722,"Asplenium truncorum F.B.Matos, Labiak & Sylvestre","Plantae","Tracheophyta","Polypodiales","Aspleniaceae","Asplenium","Asplenium truncorum","Asplenium","truncorum","SPECIES","ACCEPTED","Bahia",2005,2,3,"2005-02-03T00:00:00","2020-09-29T17:53:10.000+00:00","2021-01-08T12:11:37.776+00:00","http://creativecommons.org/licenses/by-nc/4.0/legalcode","none","none","none","BRA","Brazil","BRA.5_1","Bahia","BRA.5.69_1","Camacan","BRA.5.69.1_1","Camacan","984ad7e0-f17d-4980-9d12-2c3c9509162e",TRUE,"WGS84","Polypodiopsida","BR","none","none","Brazil","UPCB - Herbário do Departamento de Botânica","BRA:UFPR:UPCB:70097","305","Camacan","Fazenda Serra Bonita, 9,7 km W de Camacan na estrada para Jacarecí, daí 6 km SW na estrada para a RPPN e Torre da Embratel.","UPCB - Herbário do Departamento de Botânica","1086674958","pt","UPCB","BRA:UFPR:UPCB:70097","Collection","70097","Matos, F.B.","UFPR","Universidade Federal do Paraná","Matos, F.B.","Asplenium truncorum F.B.Matos, Labiak & Sylvestre",835,0,NA,NA,NA,NA,NA,NA,NA,NA,NA,NA,NA,NA,NA,NA,NA,NA,"Epífita sobre CYATHEACEAE no interior da mata. Floresta Ombrófila Densa Montana..",NA,NA,NA,NA,NA,NA,NA,NA,NA,NA,NA,NA,NA,NA,NA,NA,"PARATYPE",NA,NA,NA,NA,NA,NA,NA,NA,NA,"2009-01-01T00:00:00",NA,NA,NA,NA,NA
"Asplenium truncorum","1086674971","Asplenium truncorum F.B.Matos, Labiak & Sylvestre",-15.391667,-39.565278,"gass84","a51fa32f-831d-49d6-8b8a-c7b52ae65b3b","f6e2efc9-42a3-47ea-99c6-3eda8d653cc9","b38ff2b7-c8af-454e-b5af-ee760f0d5bca","BR","DWC_ARCHIVE","2021-01-08T12:10:33.251+00:00","2021-01-08T12:11:37.776+00:00",239,"8595cd50-87c0-11dc-bb35-b8a03c50a862","none","PRESERVED_SPECIMEN","PRESENT",7616722,6,7707728,7228684,392,6625,2650583,7616722,7616722,"Asplenium truncorum F.B.Matos, Labiak & Sylvestre","Plantae","Tracheophyta","Polypodiales","Aspleniaceae","Asplenium","Asplenium truncorum","Asplenium","truncorum","SPECIES","ACCEPTED","Bahia",2005,2,13,"2005-02-13T00:00:00","2020-09-29T17:53:10.000+00:00","2021-01-08T12:11:37.776+00:00","http://creativecommons.org/licenses/by-nc/4.0/legalcode","none","none","none","BRA","Brazil","BRA.5_1","Bahia","BRA.5.69_1","Camacan","BRA.5.69.1_1","Camacan","984ad7e0-f17d-4980-9d12-2c3c9509162e",TRUE,"WGS84","Polypodiopsida","BR","none","none","Brazil","UPCB - Herbário do Departamento de Botânica","BRA:UFPR:UPCB:70098","446","Camacan","Fazenda Serra Bonita, 9,7 km W de Camacan na estrada para Jacarecí, daí 6 km SW na estrada para a Reserva e Torre da Embratel.","UPCB - Herbário do Departamento de Botânica","1086674971","pt","UPCB","BRA:UFPR:UPCB:70098","Collection","70098","Matos, F.B.","UFPR","Universidade Federal do Paraná","Matos, F.B.","Asplenium truncorum F.B.Matos, Labiak & Sylvestre",835,0,NA,NA,NA,NA,NA,NA,NA,NA,NA,NA,NA,NA,NA,NA,NA,NA,"Epífita sobre CYATHEACEAE (Alsophila sp.) no alto do morro, interior da mata. Vegetação montana..",NA,NA,NA,NA,NA,NA,NA,NA,NA,NA,NA,NA,NA,NA,NA,NA,"PARATYPE",NA,NA,NA,NA,NA,NA,NA,NA,NA,"2009-01-01T00:00:00",NA,NA,NA,NA,NA
"Asplenium truncorum","1090495271","Asplenium truncorum F.B.Matos, Labiak & Sylvestre",-15.391667,-39.565278,"gass84","bc81e05b-ed51-46ba-a0a4-90fbae9b5545","c6aacf9d-a5a7-4d7f-a6fc-ea0a4b8ec450","b38ff2b7-c8af-454e-b5af-ee760f0d5bca","BR","DWC_ARCHIVE","2020-12-25T13:45:24.125+00:00","2020-12-25T13:48:05.087+00:00",237,"8595cd50-87c0-11dc-bb35-b8a03c50a862","none","PRESERVED_SPECIMEN","PRESENT",7616722,6,7707728,7228684,392,6625,2650583,7616722,7616722,"Asplenium truncorum F.B.Matos, Labiak & Sylvestre","Plantae","Tracheophyta","Polypodiales","Aspleniaceae","Asplenium","Asplenium truncorum","Asplenium","truncorum","SPECIES","ACCEPTED","Bahia",2005,2,13,"2005-02-13T00:00:00","2020-07-23T14:58:33.000+00:00","2020-12-25T13:48:05.087+00:00","http://creativecommons.org/licenses/by-nc/4.0/legalcode","none","none","none","BRA","Brazil","BRA.5_1","Bahia","BRA.5.69_1","Camacan","BRA.5.69.1_1","Camacan","2a3c417c-d633-4838-8894-78094cfe5e49",TRUE,"WGS84","Polypodiopsida","BR","none","none","Brazil","CEPEC - Herbário do Centro de Pesquisas do Cacau","BRA:CEPLAC:CEPEC:104018","446","CAMACAN","Fazenda Serra Bonita, 9,7Km W de Camacan na estrada de Camacan para Jacarecí, daí 6Km Sw na estrada para a Reserva e Torre da Embratel.","CEPEC - Herbário do Centro de Pesquisas do Cacau","1090495271","pt","CEPEC","BRA:CEPLAC:CEPEC:104018","Collection","104018","F. B. Matos","Comissão Executiva do Plano da Lavoura Cacaueira","Comissão Executiva do Plano da Lavoura Cacaueira","F. B. Matos","Asplenium truncorum F.B.Matos, Labiak & Sylvestre",NA,NA,NA,NA,NA,NA,NA,NA,NA,NA,NA,NA,NA,NA,NA,NA,NA,NA,NA,NA,NA,NA,NA,NA,NA,"30/12/2009",NA,NA,NA,NA,NA,NA,NA,NA,NA,"PARATYPE",NA,NA,NA,NA,NA,NA,NA,NA,NA,NA,NA,NA,NA,NA,NA
"Asplenium truncorum","1928540771","Asplenium truncorum F.B.Matos, Labiak & Sylvestre",-15.3917,-39.5653,"gass84","d415c253-4d61-4459-9d25-4015b9084fb0","ae447c50-b8a8-11d8-92a4-b8a03c50a862","17017c2c-036b-45d9-b045-606d21b00771","US","DWC_ARCHIVE","2020-12-29T19:52:03.618+00:00","2020-12-29T20:26:59.336+00:00",208,"ae447c50-b8a8-11d8-92a4-b8a03c50a862",NA,"PRESERVED_SPECIMEN","PRESENT",7616722,6,7707728,7228684,392,6625,2650583,7616722,7616722,"Asplenium truncorum F.B.Matos, Labiak & Sylvestre","Plantae","Tracheophyta","Polypodiales","Aspleniaceae","Asplenium","Asplenium truncorum","Asplenium","truncorum","SPECIES","ACCEPTED","Bahia",2005,2,13,"2005-02-13T00:00:00",NA,"2020-12-29T20:26:59.336+00:00","http://creativecommons.org/publicdomain/zero/1.0/legalcode","none","none","none","BRA","Brazil","BRA.5_1","Bahia","BRA.5.69_1","Camacan","BRA.5.69.1_1","Camacan","b2190553-4505-4fdd-8fff-065c8ca26f72",TRUE,"WGS84","Polypodiopsida","BR","none","none","Brazil","The New York Botanical Garden","36a45a79-da12-4bec-a81b-3f4953a78df4","446",NA,"Camacã: Fazenda Serra Bonita, RPPN Serra Bonita, 9.7 Km W de Camacã na estrada para Jacarecí, daí 6 Km SW na estrada para a RPPN e Torre da Embratel.","Vascular plants","1928540771","en","NY","36a45a79-da12-4bec-a81b-3f4953a78df4","PhysicalObject","02596661","F. B. Matos","NY",NA,NA,"Asplenium truncorum F.B.Matos, Labiak & Sylvestre",835,0,NA,NA,NA,NA,NA,NA,NA,NA,NA,"SOUTH_AMERICA",NA,"ICN","Camacan",NA,NA,"http://biocol.org/urn:lsid:biocol.org:col:15556",NA,NA,NA,NA,NA,NA,NA,NA,NA,"56318959-cd68-4128-92d7-52334c6656c2","The New York Botanical Garden","https://creativecommons.org/licenses/by/4.0/","StillImage","The New York Botanical Garden","image/jpeg","http://sweetgum.nybg.org/images3/1829/486/02596661.jpg","eng",NA,"http://sweetgum.nybg.org/science/vh/specimen_details.php?irn=2863490","ab83e5ab-f4f7-4c9b-a1d5-eb779dfb9377","http://biocol.org/urn:lsid:biocol.org:col:15556","13 Feb 2005","44","sheet","44",NA,"2740 ft",NA,NA,NA,NA,NA,NA
"Asplenium truncorum","1086674978","Asplenium truncorum F.B.Matos, Labiak & Sylvestre",-15.160278,-39.536111,"gass84","a51fa32f-831d-49d6-8b8a-c7b52ae65b3b","f6e2efc9-42a3-47ea-99c6-3eda8d653cc9","b38ff2b7-c8af-454e-b5af-ee760f0d5bca","BR","DWC_ARCHIVE","2021-01-08T12:10:33.251+00:00","2021-01-08T12:11:37.777+00:00",239,"8595cd50-87c0-11dc-bb35-b8a03c50a862","none","PRESERVED_SPECIMEN","PRESENT",7616722,6,7707728,7228684,392,6625,2650583,7616722,7616722,"Asplenium truncorum F.B.Matos, Labiak & Sylvestre","Plantae","Tracheophyta","Polypodiales","Aspleniaceae","Asplenium","Asplenium truncorum","Asplenium","truncorum","SPECIES","ACCEPTED","Bahia",2005,7,27,"2005-07-27T00:00:00","2020-09-29T17:53:10.000+00:00","2021-01-08T12:11:37.777+00:00","http://creativecommons.org/licenses/by-nc/4.0/legalcode","none","none","none","BRA","Brazil","BRA.5_1","Bahia","BRA.5.222_1","Jussari","BRA.5.222.1_1","Jussari","984ad7e0-f17d-4980-9d12-2c3c9509162e",TRUE,"WGS84","Polypodiopsida","BR","none","none","Brazil","UPCB - Herbário do Departamento de Botânica","BRA:UFPR:UPCB:70096","806","Jussari","RPPN Serra do Teimoso. Rodovia Jussari-Palmira. Fazenda Teimoso, entrada à esquerda ca. 7,5 Km de Jussari. Trilha para o topo da serra.","UPCB - Herbário do Departamento de Botânica","1086674978","pt","UPCB","BRA:UFPR:UPCB:70096","Collection","70096","Matos, F.B.","UFPR","Universidade Federal do Paraná","Matos, F.B.","Asplenium truncorum F.B.Matos, Labiak & Sylvestre",NA,NA,NA,NA,NA,NA,NA,NA,NA,NA,NA,NA,NA,NA,NA,NA,NA,NA,"Epífita em Cyatheaceae. Mata Estacional Semi-Decidual Montana.",NA,NA,NA,NA,NA,NA,NA,NA,NA,NA,NA,NA,NA,NA,NA,NA,"PARATYPE",NA,NA,NA,NA,NA,NA,NA,NA,NA,"2010-05-01T00:00:00",NA,NA,NA,NA,NA
"Asplenium truncorum","1090496447","Asplenium truncorum F.B.Matos, Labiak & Sylvestre",-15.160278,-39.536111,"gass84","bc81e05b-ed51-46ba-a0a4-90fbae9b5545","c6aacf9d-a5a7-4d7f-a6fc-ea0a4b8ec450","b38ff2b7-c8af-454e-b5af-ee760f0d5bca","BR","DWC_ARCHIVE","2020-12-25T13:45:24.125+00:00","2020-12-25T13:48:05.110+00:00",237,"8595cd50-87c0-11dc-bb35-b8a03c50a862","none","PRESERVED_SPECIMEN","PRESENT",7616722,6,7707728,7228684,392,6625,2650583,7616722,7616722,"Asplenium truncorum F.B.Matos, Labiak & Sylvestre","Plantae","Tracheophyta","Polypodiales","Aspleniaceae","Asplenium","Asplenium truncorum","Asplenium","truncorum","SPECIES","ACCEPTED","Bahia",2005,7,27,"2005-07-27T00:00:00","2020-07-23T14:58:33.000+00:00","2020-12-25T13:48:05.110+00:00","http://creativecommons.org/licenses/by-nc/4.0/legalcode","none","none","none","BRA","Brazil","BRA.5_1","Bahia","BRA.5.222_1","Jussari","BRA.5.222.1_1","Jussari","2a3c417c-d633-4838-8894-78094cfe5e49",TRUE,"WGS84","Polypodiopsida","BR","none","none","Brazil","CEPEC - Herbário do Centro de Pesquisas do Cacau","BRA:CEPLAC:CEPEC:105333","806","JUSSARÍ","RPPN Serra do Teimoso. Rod. Jussarí/Palmira. Fazenda Teimoso, entrada à esq. Ca. 7,5Km de Jussarí. Trilha para o topo da serra.","CEPEC - Herbário do Centro de Pesquisas do Cacau","1090496447","pt","CEPEC","BRA:CEPLAC:CEPEC:105333","Collection","105333","F. B. Matos","Comissão Executiva do Plano da Lavoura Cacaueira","Comissão Executiva do Plano da Lavoura Cacaueira","F. B. Matos","Asplenium truncorum F.B.Matos, Labiak & Sylvestre",NA,NA,NA,NA,NA,NA,NA,NA,NA,NA,NA,NA,NA,NA,NA,NA,NA,NA,NA,NA,NA,NA,NA,NA,NA,"30/12/2006",NA,NA,NA,NA,NA,NA,NA,NA,NA,"PARATYPE",NA,NA,NA,NA,NA,NA,NA,NA,NA,NA,NA,NA,NA,NA,NA
"Asplenium truncorum","1090493777","Asplenium truncorum F.B.Matos, Labiak & Sylvestre",-15.391667,-39.565278,"gass84","bc81e05b-ed51-46ba-a0a4-90fbae9b5545","c6aacf9d-a5a7-4d7f-a6fc-ea0a4b8ec450","b38ff2b7-c8af-454e-b5af-ee760f0d5bca","BR","DWC_ARCHIVE","2020-12-25T13:45:24.125+00:00","2020-12-25T13:48:05.574+00:00",237,"8595cd50-87c0-11dc-bb35-b8a03c50a862","none","PRESERVED_SPECIMEN","PRESENT",7616722,6,7707728,7228684,392,6625,2650583,7616722,7616722,"Asplenium truncorum F.B.Matos, Labiak & Sylvestre","Plantae","Tracheophyta","Polypodiales","Aspleniaceae","Asplenium","Asplenium truncorum","Asplenium","truncorum","SPECIES","ACCEPTED","Bahia",2004,2,1,"2004-02-01T00:00:00","2020-07-23T14:58:33.000+00:00","2020-12-25T13:48:05.574+00:00","http://creativecommons.org/licenses/by-nc/4.0/legalcode","none","none","none","BRA","Brazil","BRA.5_1","Bahia","BRA.5.69_1","Camacan","BRA.5.69.1_1","Camacan","2a3c417c-d633-4838-8894-78094cfe5e49",TRUE,"WGS84","Polypodiopsida","BR","none","none","Brazil","CEPEC - Herbário do Centro de Pesquisas do Cacau","BRA:CEPLAC:CEPEC:102088","13796","CAMACAN","Fazenda Serra Bonita, Reserva Serra Bonita, 9,7Km a WE de Camacan ma Rod. para Jacarecí. Depois 6Km SW na Ror. Para RPPN Serra Bonita e torre da Embratel.","CEPEC - Herbário do Centro de Pesquisas do Cacau","1090493777","pt","CEPEC","BRA:CEPLAC:CEPEC:102088","Collection","102088","W. W. Thomas","Comissão Executiva do Plano da Lavoura Cacaueira","Comissão Executiva do Plano da Lavoura Cacaueira","F. B. Matos","Asplenium truncorum F.B.Matos, Labiak & Sylvestre",NA,NA,NA,NA,NA,NA,NA,NA,NA,NA,NA,NA,NA,NA,NA,NA,NA,NA,NA,NA,NA,NA,NA,NA,NA,"30/12/2009",NA,NA,NA,NA,NA,NA,NA,NA,NA,"PARATYPE",NA,NA,NA,NA,NA,NA,NA,NA,NA,NA,NA,NA,NA,NA,NA
"Asplenium truncorum","1424362112","Asplenium truncorum F.B.Matos, Labiak & Sylvestre",-16.401389,-40.038889,"cdround,gass84,rdativ","4300f8d5-1ae5-49e5-a101-63894b005868","838537fc-4aeb-4980-8b58-97fbdcd1d91a","da7fe11a-b42c-46cb-9e9d-02243edb738a","BR","DWC_ARCHIVE","2021-01-09T22:42:48.161+00:00","2021-01-09T23:23:15.929+00:00",330,"838537fc-4aeb-4980-8b58-97fbdcd1d91a",NA,"PRESERVED_SPECIMEN","PRESENT",7616722,6,7707728,7228684,392,6625,2650583,7616722,7616722,"Asplenium truncorum F.B.Matos, Labiak & Sylvestre","Plantae","Tracheophyta","Polypodiales","Aspleniaceae","Asplenium","Asplenium truncorum","Asplenium","truncorum","SPECIES","ACCEPTED","Minas Gerais",2004,3,9,"2004-03-09T00:00:00",NA,"2021-01-09T23:23:15.929+00:00","http://creativecommons.org/licenses/by/4.0/legalcode","none","none","none","BRA","Brazil","BRA.13_1","Minas Gerais","BRA.13.683_1","Santa Maria do Salto","BRA.13.683.1_1","Santa Maria do Salto",NA,TRUE,"WGS84","Polypodiopsida","BR","none","none","Brazil","Rio de Janeiro Botanical Garden","urn:catalog:JBRJ:RB:651667","9524","Santa Maria do Salto","Distrito de Talismã, Fazenda Duas Barras.","RB - Rio de Janeiro Botanical Garden Herbarium Collection","1424362112",NA,"RB","urn:catalog:JBRJ:RB:651667","Physical Object","RB00651667","A. Salino; J.A. Lombardi, R.C. Mota, T.E.Almeida, P.L. Viana","JBRJ",NA,"L. Sylvestre","Asplenium truncorum F.B.Matos, Labiak & Sylvestre",755,NA,"Rio de Janeiro Botanical Garden","imagens3.jbrj.gov.br/fsi/server?type=image&source=rb/0/65/16/67/00651667.jpg","Image","https://creativecommons.org/licenses/by/4.0/legalcode#languages","jpg","http://www.herbariovirtualreflora.jbrj.gov.br/reflora/geral/ExibeFiguraFSIUC/ExibeFiguraFSIUC.do?idFigura=284619658",NA,NA,NA,NA,NA,NA,NA,NA,NA,NA,"Epifita em Alsophila setosa, interior de mata.","truncorum","L. Sylvestre","2011","Aspleniaceae","Asplenium","gen.","RB 513646","Floresta ombrófila densa montana.",NA,NA,NA,NA,NA,NA,NA,NA,NA,NA,NA,NA,NA,NA,NA,NA,NA,NA,"2011-01-01T00:00:00",NA,NA,"Aspleniaceae","Asplenium","sp."
"Asplenium truncorum","2597525108","Asplenium truncorum F.B.Matos, Labiak & Sylvestre",-16.401528,-40.038806,"conti,gass84","ed8e1590-62b5-48a8-8654-4ecc13554f57","4265f332-341c-45f6-b30b-5dc2e39b86e8","b38ff2b7-c8af-454e-b5af-ee760f0d5bca","BR","DWC_ARCHIVE","2021-01-08T12:10:06.628+00:00","2021-01-08T12:10:57.951+00:00",252,"8595cd50-87c0-11dc-bb35-b8a03c50a862","none","PRESERVED_SPECIMEN","PRESENT",7616722,6,7707728,7228684,392,6625,2650583,7616722,7616722,"Asplenium truncorum F.B.Matos, Labiak & Sylvestre","Plantae","Tracheophyta","Polypodiales","Aspleniaceae","Asplenium","Asplenium truncorum","Asplenium","truncorum","SPECIES","ACCEPTED","Minas Gerais",2004,3,9,"2004-03-09T00:00:00","2020-03-18T00:25:12.000+00:00","2021-01-08T12:10:57.951+00:00","http://creativecommons.org/licenses/by-nc/4.0/legalcode","none","none","none","BRA","Brazil","BRA.5_1","Bahia","BRA.5.145_1","Guaratinga","BRA.5.145.1_1","Buranhem",NA,TRUE,"WGS84","Polypodiopsida","BR","none","none","Brazil","BHCB-SL - Herbário UFMG - Samambaias e Licófitas","BRA:UFMG:BHCB-SL:87231","9524","Santa Maria do Salto","Distrito de Talismã, Fazenda Duas Barras. Floresta Ombrófila Densa Montana. Trilha até a divisa com a Bahia.","BHCB-SL - Herbário UFMG - Samambaias e Licófitas","2597525108","pt","BHCB-SL","BRA:UFMG:BHCB-SL:87231","Collection","87231","Salino, A; Lombardi, JA; Mota, RC; Almeida, TE; Viana, PL",NA,NA,"Salino, A; Salino, A","Asplenium truncorum F.B.Matos, Labiak & Sylvestre",755,0,NA,NA,NA,NA,NA,NA,NA,NA,NA,NA,NA,NA,NA,NA,NA,NA,"Epífita em Alsophila setosa; interior de mata.",NA,NA,NA,NA,NA,NA,NA,NA,NA,NA,NA,NA,NA,NA,NA,NA,NA,NA,NA,NA,NA,NA,NA,NA,NA,NA,"2009-09-01T00:00:00",NA,NA,NA,NA,NA
"Asplenium truncorum","2597525123","Asplenium truncorum F.B.Matos, Labiak & Sylvestre",-16.413889,-40.049278,"conti,gass84","ed8e1590-62b5-48a8-8654-4ecc13554f57","4265f332-341c-45f6-b30b-5dc2e39b86e8","b38ff2b7-c8af-454e-b5af-ee760f0d5bca","BR","DWC_ARCHIVE","2021-01-08T12:10:06.628+00:00","2021-01-08T12:10:58.748+00:00",252,"8595cd50-87c0-11dc-bb35-b8a03c50a862","none","PRESERVED_SPECIMEN","PRESENT",7616722,6,7707728,7228684,392,6625,2650583,7616722,7616722,"Asplenium truncorum F.B.Matos, Labiak & Sylvestre","Plantae","Tracheophyta","Polypodiales","Aspleniaceae","Asplenium","Asplenium truncorum","Asplenium","truncorum","SPECIES","ACCEPTED","Minas Gerais",2004,3,7,"2004-03-07T00:00:00","2020-03-18T00:25:12.000+00:00","2021-01-08T12:10:58.748+00:00","http://creativecommons.org/licenses/by-nc/4.0/legalcode","none","none","none","BRA","Brazil","BRA.13_1","Minas Gerais","BRA.13.683_1","Santa Maria do Salto","BRA.13.683.1_1","Santa Maria do Salto",NA,FALSE,"WGS84","Polypodiopsida","BR","none","none","Brazil","BHCB-SL - Herbário UFMG - Samambaias e Licófitas","BRA:UFMG:BHCB-SL:87147","9440","Santa Maria do Salto","Distrito de Talismã, Fazenda Duas Barras. Floresta Ombrófila Densa Montana.","BHCB-SL - Herbário UFMG - Samambaias e Licófitas","2597525123","pt","BHCB-SL","BRA:UFMG:BHCB-SL:87147","Collection","87147","Salino, A; Lombardi, JA; Mota, RC; Almeida, TE; Viana, PL",NA,NA,"Salino, A; Salino, A","Asplenium truncorum F.B.Matos, Labiak & Sylvestre",820,0,NA,NA,NA,NA,NA,NA,NA,NA,NA,NA,NA,NA,NA,NA,NA,NA,"Epífita em Cyathea; interior de mata.",NA,NA,NA,NA,NA,NA,NA,NA,NA,NA,NA,NA,NA,NA,NA,NA,NA,NA,NA,NA,NA,NA,NA,NA,NA,NA,"2009-09-01T00:00:00",NA,NA,NA,NA,NA
"Asplenium truncorum","1424361587","Asplenium truncorum F.B.Matos, Labiak & Sylvestre",-16.445833,-40.126111,"cdround,gass84","4300f8d5-1ae5-49e5-a101-63894b005868","838537fc-4aeb-4980-8b58-97fbdcd1d91a","da7fe11a-b42c-46cb-9e9d-02243edb738a","BR","DWC_ARCHIVE","2021-01-09T22:42:48.161+00:00","2021-01-09T23:23:15.163+00:00",330,"838537fc-4aeb-4980-8b58-97fbdcd1d91a",NA,"PRESERVED_SPECIMEN","PRESENT",7616722,6,7707728,7228684,392,6625,2650583,7616722,7616722,"Asplenium truncorum F.B.Matos, Labiak & Sylvestre","Plantae","Tracheophyta","Polypodiales","Aspleniaceae","Asplenium","Asplenium truncorum","Asplenium","truncorum","SPECIES","ACCEPTED","Minas Gerais",2003,10,10,"2003-10-10T00:00:00",NA,"2021-01-09T23:23:15.163+00:00","http://creativecommons.org/licenses/by/4.0/legalcode","none","none","none","BRA","Brazil","BRA.13_1","Minas Gerais","BRA.13.707_1","Santo Antônio do Monte","BRA.13.707.1_1","Santo Antônio do Jacinto",NA,FALSE,"WGS84","Polypodiopsida","BR","none","none","Brazil","Rio de Janeiro Botanical Garden","urn:catalog:JBRJ:RB:651139","9273","Santa Maria do Salto","Distrito de Talismã, fazenda Duas Barras, próximo a divisa com o estado da Bahia.","RB - Rio de Janeiro Botanical Garden Herbarium Collection","1424361587",NA,"RB","urn:catalog:JBRJ:RB:651139","Physical Object","RB00651139","A. Salino; R.C. Mota, N.F.O. Mota & P.H.A. Melo","JBRJ",NA,"L. Sylvestre","Asplenium truncorum F.B.Matos, Labiak & Sylvestre",800,50,"Rio de Janeiro Botanical Garden","imagens3.jbrj.gov.br/fsi/server?type=image&source=rb/0/65/11/39/00651139.jpg","Image","https://creativecommons.org/licenses/by/4.0/legalcode#languages","jpg","http://www.herbariovirtualreflora.jbrj.gov.br/reflora/geral/ExibeFiguraFSIUC/ExibeFiguraFSIUC.do?idFigura=284618320",NA,NA,NA,NA,NA,NA,NA,NA,NA,NA,"Epífita em feto arborescente (Cyathea sp.), na mata.","truncorum","L. Sylvestre","2011","Aspleniaceae","Asplenium","gen.","RB 513275","Floresta ombrófila densa montana.",NA,NA,NA,NA,NA,NA,NA,NA,NA,NA,NA,NA,NA,NA,NA,NA,NA,NA,"2011-01-01T00:00:00",NA,NA,"Aspleniaceae","Asplenium","sp."
"Asplenium truncorum","1424361657","Asplenium truncorum F.B.Matos, Labiak & Sylvestre",-15.938055,-40.614444,"cdround,gass84,rdativ","4300f8d5-1ae5-49e5-a101-63894b005868","838537fc-4aeb-4980-8b58-97fbdcd1d91a","da7fe11a-b42c-46cb-9e9d-02243edb738a","BR","DWC_ARCHIVE","2021-01-09T22:42:48.161+00:00","2021-01-09T23:23:05.533+00:00",330,"838537fc-4aeb-4980-8b58-97fbdcd1d91a",NA,"PRESERVED_SPECIMEN","PRESENT",7616722,6,7707728,7228684,392,6625,2650583,7616722,7616722,"Asplenium truncorum F.B.Matos, Labiak & Sylvestre","Plantae","Tracheophyta","Polypodiales","Aspleniaceae","Asplenium","Asplenium truncorum","Asplenium","truncorum","SPECIES","ACCEPTED","Minas Gerais",2003,10,5,"2003-10-05T00:00:00",NA,"2021-01-09T23:23:05.533+00:00","http://creativecommons.org/licenses/by/4.0/legalcode","none","none","none","BRA","Brazil","BRA.13_1","Minas Gerais","BRA.13.18_1","Almenara","BRA.13.18.1_1","Almenara",NA,FALSE,"WGS84","Polypodiopsida","BR","none","none","Brazil","Rio de Janeiro Botanical Garden","urn:catalog:JBRJ:RB:651143","9061","Bandeira","Mata do Boi Rajado, a ca. 14 km da sede de Bandeira, na divisa com a Bahia.","RB - Rio de Janeiro Botanical Garden Herbarium Collection","1424361657",NA,"RB","urn:catalog:JBRJ:RB:651143","Physical Object","RB00651143","A. Salino; R.C. Mota, N.F.O. Mota & P.H.A. Melo","JBRJ",NA,"L. Sylvestre","Asplenium truncorum F.B.Matos, Labiak & Sylvestre",710,90,"Rio de Janeiro Botanical Garden","imagens3.jbrj.gov.br/fsi/server?type=image&source=rb/0/65/11/43/00651143.jpg","Image","https://creativecommons.org/licenses/by/4.0/legalcode#languages","jpg","http://www.herbariovirtualreflora.jbrj.gov.br/reflora/geral/ExibeFiguraFSIUC/ExibeFiguraFSIUC.do?idFigura=284618334",NA,NA,NA,NA,NA,NA,NA,NA,NA,NA,"Epífita a 1-1,5 m. de altura crescendo em Alsophila sternbergii.","truncorum","L. Sylvestre","2011","Aspleniaceae","Asplenium","gen.","RB 513279","Floresta ombrófila densa submontana.",NA,NA,NA,NA,NA,NA,NA,NA,NA,NA,NA,NA,NA,NA,NA,NA,NA,NA,"2011-01-01T00:00:00",NA,NA,"Aspleniaceae","Asplenium","sp."
"Asplenium truncorum","2597525104","Asplenium truncorum F.B.Matos, Labiak & Sylvestre",-15.798806,-40.526444,"conti,gass84","ed8e1590-62b5-48a8-8654-4ecc13554f57","4265f332-341c-45f6-b30b-5dc2e39b86e8","b38ff2b7-c8af-454e-b5af-ee760f0d5bca","BR","DWC_ARCHIVE","2021-01-08T12:10:06.628+00:00","2021-01-08T12:10:57.710+00:00",252,"8595cd50-87c0-11dc-bb35-b8a03c50a862","none","PRESERVED_SPECIMEN","PRESENT",7616722,6,7707728,7228684,392,6625,2650583,7616722,7616722,"Asplenium truncorum F.B.Matos, Labiak & Sylvestre","Plantae","Tracheophyta","Polypodiales","Aspleniaceae","Asplenium","Asplenium truncorum","Asplenium","truncorum","SPECIES","ACCEPTED","Minas Gerais",2003,10,5,"2003-10-05T00:00:00","2020-03-18T00:25:12.000+00:00","2021-01-08T12:10:57.710+00:00","http://creativecommons.org/licenses/by-nc/4.0/legalcode","none","none","none","BRA","Brazil","BRA.13_1","Minas Gerais","BRA.13.56_1","Bandeira","BRA.13.56.1_1","Bandeira",NA,FALSE,"WGS84","Polypodiopsida","BR","none","none","Brazil","BHCB-SL - Herbário UFMG - Samambaias e Licófitas","BRA:UFMG:BHCB-SL:85141","9061","Bandeira","Mata do Boi Rajado, A ca. 14 km da sede de Bandeira, na divisa com a Bahia. Floresta Ombrófila Densa Submontana.","BHCB-SL - Herbário UFMG - Samambaias e Licófitas","2597525104","pt","BHCB-SL","BRA:UFMG:BHCB-SL:85141","Collection","85141","Salino, A; Mota, RC; Mota, NFO; Melo, PHA",NA,NA,"Salino, A; Salino, A","Asplenium truncorum F.B.Matos, Labiak & Sylvestre",710,90,NA,NA,NA,NA,NA,NA,NA,NA,NA,NA,NA,NA,NA,NA,NA,NA,"Epífita a 1 - 1,5 m de altura crescendo em Alsophila sternbergii.",NA,NA,NA,NA,NA,NA,NA,NA,NA,NA,NA,NA,NA,NA,NA,NA,NA,NA,NA,NA,NA,NA,NA,NA,NA,NA,"2009-09-01T00:00:00",NA,NA,NA,NA,NA
"Asplenium truncorum","2597525105","Asplenium truncorum F.B.Matos, Labiak & Sylvestre",-16.404583,-40.057611,"conti,gass84","ed8e1590-62b5-48a8-8654-4ecc13554f57","4265f332-341c-45f6-b30b-5dc2e39b86e8","b38ff2b7-c8af-454e-b5af-ee760f0d5bca","BR","DWC_ARCHIVE","2021-01-08T12:10:06.628+00:00","2021-01-08T12:10:57.774+00:00",252,"8595cd50-87c0-11dc-bb35-b8a03c50a862","none","PRESERVED_SPECIMEN","PRESENT",7616722,6,7707728,7228684,392,6625,2650583,7616722,7616722,"Asplenium truncorum F.B.Matos, Labiak & Sylvestre","Plantae","Tracheophyta","Polypodiales","Aspleniaceae","Asplenium","Asplenium truncorum","Asplenium","truncorum","SPECIES","ACCEPTED","Minas Gerais",2003,10,10,"2003-10-10T00:00:00","2020-03-18T00:25:12.000+00:00","2021-01-08T12:10:57.774+00:00","http://creativecommons.org/licenses/by-nc/4.0/legalcode","none","none","none","BRA","Brazil","BRA.13_1","Minas Gerais","BRA.13.683_1","Santa Maria do Salto","BRA.13.683.1_1","Santa Maria do Salto",NA,FALSE,"WGS84","Polypodiopsida","BR","none","none","Brazil","BHCB-SL - Herbário UFMG - Samambaias e Licófitas","BRA:UFMG:BHCB-SL:85354","9273","Santa Maria do Salto","Distrito de Talismã, Fazenda Duas Barras. Próximo à divisa com a Bahia. Floresta Ombrófila Densa Montana.","BHCB-SL - Herbário UFMG - Samambaias e Licófitas","2597525105","pt","BHCB-SL","BRA:UFMG:BHCB-SL:85354","Collection","85354","Salino, A; Mota, RC; Mota, NFO; Melo, PHA",NA,NA,"Salino, A; Salino, A","Asplenium truncorum F.B.Matos, Labiak & Sylvestre",800,50,NA,NA,NA,NA,NA,NA,NA,NA,NA,NA,NA,NA,NA,NA,NA,NA,"Epífita em feto arborescente (Cyathea sp.), na mata.",NA,NA,NA,NA,NA,NA,NA,NA,NA,NA,NA,NA,NA,NA,NA,NA,NA,NA,NA,NA,NA,NA,NA,NA,NA,NA,"2009-09-01T00:00:00",NA,NA,NA,NA,NA
"Asplenium truncorum","1123799924","Asplenium truncorum F.B.Matos, Labiak & Sylvestre",-19.9075,-40.553056,"gass84","9129ec89-afa7-45af-8b73-509f1f8942ab","667644b9-7b93-4892-80c7-c4271735c515","b38ff2b7-c8af-454e-b5af-ee760f0d5bca","BR","DWC_ARCHIVE","2020-12-25T17:38:33.539+00:00","2020-12-25T17:38:58.137+00:00",252,"8595cd50-87c0-11dc-bb35-b8a03c50a862","none","PRESERVED_SPECIMEN","PRESENT",7616722,6,7707728,7228684,392,6625,2650583,7616722,7616722,"Asplenium truncorum F.B.Matos, Labiak & Sylvestre","Plantae","Tracheophyta","Polypodiales","Aspleniaceae","Asplenium","Asplenium truncorum","Asplenium","truncorum","SPECIES","ACCEPTED","Espírito Santo",2002,7,25,"2002-07-25T00:00:00","2020-07-10T12:43:46.000+00:00","2020-12-25T17:38:58.137+00:00","http://creativecommons.org/licenses/by-nc/4.0/legalcode","none","none","none","BRA","Brazil","BRA.8_1","Espírito Santo","BRA.8.64_1","Santa Teresa","BRA.8.64.3_1","Santa Teresa",NA,FALSE,"WGS84","Polypodiopsida","BR","none","none","Brazil","MBML-Herbario - Herbário Mello Leitão","BRA:MBML:MBML-HERBARIO:17238","559","Santa Teresa","Reserva Biológica Augusto Ruschi - Nova Lombardia","MBML-Herbario - Herbário Mello Leitão","1123799924","pt","MBML-HERBARIO","BRA:MBML:MBML-HERBARIO:17238","Collection","17238","R.R. Vervloet; et al","MBML","Instituto Nacional da Mata Atlântica","L. Sylvestre/2011","Asplenium truncorum F.B.Matos, Labiak & Sylvestre",NA,NA,NA,NA,NA,NA,NA,NA,NA,NA,NA,NA,NA,NA,NA,NA,NA,NA,"Epífita a 2m do solo, folhas de cor verde clara, meia encosta, dossel aproximado de 16m.",NA,NA,NA,NA,NA,NA,NA,NA,NA,NA,NA,NA,NA,NA,NA,NA,NA,NA,NA,NA,NA,NA,NA,NA,NA,NA,NA,NA,NA,NA,NA,NA
"Asplenium truncorum","1802855328","Asplenium truncorum F.B.Matos, Labiak & Sylvestre",-15.154389,-39.523389,"conti,gass84","ed8e1590-62b5-48a8-8654-4ecc13554f57","4265f332-341c-45f6-b30b-5dc2e39b86e8","b38ff2b7-c8af-454e-b5af-ee760f0d5bca","BR","DWC_ARCHIVE","2021-01-08T12:10:06.628+00:00","2021-01-08T12:10:57.911+00:00",252,"8595cd50-87c0-11dc-bb35-b8a03c50a862","none","PRESERVED_SPECIMEN","PRESENT",7616722,6,7707728,7228684,392,6625,2650583,7616722,7616722,"Asplenium truncorum F.B.Matos, Labiak & Sylvestre","Plantae","Tracheophyta","Polypodiales","Aspleniaceae","Asplenium","Asplenium truncorum","Asplenium","truncorum","SPECIES","ACCEPTED","Bahia",2002,11,2,"2002-11-02T00:00:00","2020-02-11T21:25:35.000+00:00","2021-01-08T12:10:57.911+00:00","http://creativecommons.org/licenses/by-nc/4.0/legalcode","none","none","none","BRA","Brazil","BRA.5_1","Bahia","BRA.5.222_1","Jussari","BRA.5.222.1_1","Jussari",NA,FALSE,"WGS84","Polypodiopsida","BR","none","none","Brazil","BHCB-SL - Herbário UFMG - Samambaias e Licófitas","BRA:UFMG:BHCB-SL:75282","8178","Jussarí","RPPN Serra do Teimoso.","BHCB-SL - Herbário UFMG - Samambaias e Licófitas","1802855328","pt","BHCB-SL","BRA:UFMG:BHCB-SL:75282","Collection","75282","Salino, A; Jardim, JG",NA,NA,"Sylvestre, LS","Asplenium truncorum F.B.Matos, Labiak & Sylvestre",330,70,NA,NA,NA,NA,NA,NA,NA,NA,NA,NA,NA,NA,NA,NA,NA,NA,"Floresta Ombrófila Densa/ Floresta Estacional Semidecidual. Epífita a 1m de altura, crescendo em caule de Alsophila sternbergii (Samambaiaçu). Interior de floresta",NA,NA,NA,NA,NA,NA,NA,NA,NA,NA,NA,NA,NA,NA,NA,NA,NA,NA,NA,NA,NA,NA,NA,NA,NA,NA,"2011-02-01T00:00:00",NA,NA,NA,NA,NA
"Asplenium truncorum","1123801916","Asplenium truncorum F.B.Matos, Labiak & Sylvestre",-19.9075,-40.553056,"gass84","9129ec89-afa7-45af-8b73-509f1f8942ab","667644b9-7b93-4892-80c7-c4271735c515","b38ff2b7-c8af-454e-b5af-ee760f0d5bca","BR","DWC_ARCHIVE","2020-12-25T17:38:33.539+00:00","2020-12-25T17:38:55.445+00:00",252,"8595cd50-87c0-11dc-bb35-b8a03c50a862","none","PRESERVED_SPECIMEN","PRESENT",7616722,6,7707728,7228684,392,6625,2650583,7616722,7616722,"Asplenium truncorum F.B.Matos, Labiak & Sylvestre","Plantae","Tracheophyta","Polypodiales","Aspleniaceae","Asplenium","Asplenium truncorum","Asplenium","truncorum","SPECIES","ACCEPTED","Espírito Santo",2002,12,18,"2002-12-18T00:00:00","2020-07-10T12:43:46.000+00:00","2020-12-25T17:38:55.445+00:00","http://creativecommons.org/licenses/by-nc/4.0/legalcode","none","none","none","BRA","Brazil","BRA.8_1","Espírito Santo","BRA.8.64_1","Santa Teresa","BRA.8.64.3_1","Santa Teresa",NA,FALSE,"WGS84","Polypodiopsida","BR","none","none","Brazil","MBML-Herbario - Herbário Mello Leitão","BRA:MBML:MBML-HERBARIO:19212","20","Santa Teresa","Reserva Biológica Augusto Ruschi - Nova Lombardia","MBML-Herbario - Herbário Mello Leitão","1123801916","pt","MBML-HERBARIO","BRA:MBML:MBML-HERBARIO:19212","Collection","19212","R. A. Krause; et al","MBML","Instituto Nacional da Mata Atlântica","L. Sylvestre/2011","Asplenium truncorum F.B.Matos, Labiak & Sylvestre",NA,NA,NA,NA,NA,NA,NA,NA,NA,NA,NA,NA,NA,NA,NA,NA,NA,NA,"Epífita em tronco de Ceatheaceae.",NA,NA,NA,NA,NA,NA,NA,NA,NA,NA,NA,NA,NA,NA,NA,NA,NA,NA,NA,NA,NA,NA,NA,NA,NA,NA,NA,NA,NA,NA,NA,NA
"Asplenium truncorum","1123796498","Asplenium truncorum F.B.Matos, Labiak & Sylvestre",-19.887222,-40.575556,"gass84","9129ec89-afa7-45af-8b73-509f1f8942ab","667644b9-7b93-4892-80c7-c4271735c515","b38ff2b7-c8af-454e-b5af-ee760f0d5bca","BR","DWC_ARCHIVE","2020-12-25T17:38:33.539+00:00","2020-12-25T17:38:58.675+00:00",252,"8595cd50-87c0-11dc-bb35-b8a03c50a862","none","PRESERVED_SPECIMEN","PRESENT",7616722,6,7707728,7228684,392,6625,2650583,7616722,7616722,"Asplenium truncorum F.B.Matos, Labiak & Sylvestre","Plantae","Tracheophyta","Polypodiales","Aspleniaceae","Asplenium","Asplenium truncorum","Asplenium","truncorum","SPECIES","ACCEPTED","Espírito Santo",2000,10,25,"2000-10-25T00:00:00","2020-07-10T12:43:46.000+00:00","2020-12-25T17:38:58.675+00:00","http://creativecommons.org/licenses/by-nc/4.0/legalcode","none","none","none","BRA","Brazil","BRA.8_1","Espírito Santo","BRA.8.64_1","Santa Teresa","BRA.8.64.3_1","Santa Teresa",NA,FALSE,"WGS84","Polypodiopsida","BR","none","none","Brazil","MBML-Herbario - Herbário Mello Leitão","BRA:MBML:MBML-HERBARIO:13789","1477","Santa Teresa","Alto São Lourenço","MBML-Herbario - Herbário Mello Leitão","1123796498","pt","MBML-HERBARIO","BRA:MBML:MBML-HERBARIO:13789","Collection","13789","V. Demuner; et al","MBML","Instituto Nacional da Mata Atlântica","L. Sylvestre/2011","Asplenium truncorum F.B.Matos, Labiak & Sylvestre",NA,NA,NA,NA,NA,NA,NA,NA,NA,NA,NA,NA,NA,NA,NA,NA,NA,NA,"Epífita 1,5m de altura, esporângios verdes. Terreno íngrime, meio sol.",NA,NA,NA,NA,NA,NA,NA,NA,NA,NA,NA,NA,NA,NA,NA,NA,NA,NA,NA,NA,NA,NA,NA,NA,NA,NA,NA,NA,NA,NA,NA,NA
"Asplenium truncorum","1090492231","Asplenium truncorum F.B.Matos, Labiak & Sylvestre",-15.154444,-39.523333,"gass84","bc81e05b-ed51-46ba-a0a4-90fbae9b5545","c6aacf9d-a5a7-4d7f-a6fc-ea0a4b8ec450","b38ff2b7-c8af-454e-b5af-ee760f0d5bca","BR","DWC_ARCHIVE","2020-12-25T13:45:24.125+00:00","2020-12-25T13:48:05.061+00:00",237,"8595cd50-87c0-11dc-bb35-b8a03c50a862","none","PRESERVED_SPECIMEN","PRESENT",7616722,6,7707728,7228684,392,6625,2650583,7616722,7616722,"Asplenium truncorum F.B.Matos, Labiak & Sylvestre","Plantae","Tracheophyta","Polypodiales","Aspleniaceae","Asplenium","Asplenium truncorum","Asplenium","truncorum","SPECIES","ACCEPTED","Bahia",1997,1,3,"1997-01-03T00:00:00","2020-07-23T14:58:33.000+00:00","2020-12-25T13:48:05.061+00:00","http://creativecommons.org/licenses/by-nc/4.0/legalcode","none","none","none","BRA","Brazil","BRA.5_1","Bahia","BRA.5.222_1","Jussari","BRA.5.222.1_1","Jussari","2a3c417c-d633-4838-8894-78094cfe5e49",FALSE,"WGS84","Polypodiopsida","BR","none","none","Brazil","CEPEC - Herbário do Centro de Pesquisas do Cacau","BRA:CEPLAC:CEPEC:100446","8178","JUSSARÍ","RPPN Serra do Teimoso.","CEPEC - Herbário do Centro de Pesquisas do Cacau","1090492231","pt","CEPEC","BRA:CEPLAC:CEPEC:100446","Collection","100446","A. Salino","Comissão Executiva do Plano da Lavoura Cacaueira","Comissão Executiva do Plano da Lavoura Cacaueira","L. S. Sylvestre","Asplenium truncorum F.B.Matos, Labiak & Sylvestre",NA,NA,NA,NA,NA,NA,NA,NA,NA,NA,NA,NA,NA,NA,NA,NA,NA,NA,NA,NA,NA,NA,NA,NA,NA,"30/12/2014",NA,NA,NA,NA,NA,NA,NA,NA,NA,NA,NA,NA,NA,NA,NA,NA,NA,NA,NA,NA,NA,NA,NA,NA,NA
"Asplenium truncorum","1090495053","Asplenium truncorum F.B.Matos, Labiak & Sylvestre",-15.391667,-39.565278,"gass84","bc81e05b-ed51-46ba-a0a4-90fbae9b5545","c6aacf9d-a5a7-4d7f-a6fc-ea0a4b8ec450","b38ff2b7-c8af-454e-b5af-ee760f0d5bca","BR","DWC_ARCHIVE","2020-12-25T13:45:24.125+00:00","2020-12-25T13:48:03.355+00:00",237,"8595cd50-87c0-11dc-bb35-b8a03c50a862","none","PRESERVED_SPECIMEN","PRESENT",7616722,6,7707728,7228684,392,6625,2650583,7616722,7616722,"Asplenium truncorum F.B.Matos, Labiak & Sylvestre","Plantae","Tracheophyta","Polypodiales","Aspleniaceae","Asplenium","Asplenium truncorum","Asplenium","truncorum","SPECIES","ACCEPTED","Bahia",1995,5,3,"1995-05-03T00:00:00","2020-07-23T14:58:33.000+00:00","2020-12-25T13:48:03.355+00:00","http://creativecommons.org/licenses/by-nc/4.0/legalcode","none","none","none","BRA","Brazil","BRA.5_1","Bahia","BRA.5.69_1","Camacan","BRA.5.69.1_1","Camacan","2a3c417c-d633-4838-8894-78094cfe5e49",TRUE,"WGS84","Polypodiopsida","BR","none","none","Brazil","CEPEC - Herbário do Centro de Pesquisas do Cacau","BRA:CEPLAC:CEPEC:103626","305","CAMACAN","Fazenda Serra Bonita, 9,7Km W de Camacan na estrada para Jacarecí, daí 6Km SW na estrada para a RPPN e Torre da Embratel.","CEPEC - Herbário do Centro de Pesquisas do Cacau","1090495053","pt","CEPEC","BRA:CEPLAC:CEPEC:103626","Collection","103626","F. B. Matos","Comissão Executiva do Plano da Lavoura Cacaueira","Comissão Executiva do Plano da Lavoura Cacaueira","F. B. Matos","Asplenium truncorum F.B.Matos, Labiak & Sylvestre",NA,NA,NA,NA,NA,NA,NA,NA,NA,NA,NA,NA,NA,NA,NA,NA,NA,NA,NA,NA,NA,NA,NA,NA,NA,"30/12/2009",NA,NA,NA,NA,NA,NA,NA,NA,NA,"PARATYPE",NA,NA,NA,NA,NA,NA,NA,NA,NA,NA,NA,NA,NA,NA,NA
